img,imgTransferSize,imgActualSize,q-75,q-70,q-60,q-50,q-40
https://www.bilibili.com/,30707,124186.0,,,,,
https://s1.hdslb.com/bfs/static/laputa-home/client/assets/vip-default-banner.6db4a7ed.png,45359,44473.0,18294.0,17198.0,15522.0,14094.0,12188
https://i0.hdslb.com/bfs/archive/ba85138129ecbd9d8b59f7fc19f1d47bf0c8b5c8.png@3840w_360h_1c_90q.webp,26473,26066.0,15214.0,14652.0,13972.0,12822.0,10860
https://i0.hdslb.com/bfs/archive/ca375eb31fa90b8e23b88ed3433c2f60de1c2e6e.png,13417,12956.0,4342.0,4210.0,3952.0,3740.0,3536
https://i0.hdslb.com/bfs/feed-admin/e8552767afc74025f838f2a8f9f6afd8662dba5e.png@976w_550h_1c.webp,45430,44610.0,,,,,
https://i0.hdslb.com/bfs/feed-admin/307d750c7eec4aef5e0c176f8a38273774e771df.jpg@976w_550h_1c.webp,37264,36802.0,34656.0,33538.0,30932.0,27952.0,25324
https://i0.hdslb.com/bfs/feed-admin/1386c7ec1f10b8651e528d3deb2b14eefc2c78dc.png@976w_550h_1c.webp,25521,25088.0,,,,,
https://i0.hdslb.com/bfs/feed-admin/5170ef39a6be5b1425e5ecd70502c149e5e18002.png@976w_550h_1c.webp,34092,33276.0,,,,,
https://i0.hdslb.com/bfs/feed-admin/600ad4a767b88241e6a3c923f9d28e64266bd562.jpg@976w_550h_1c.webp,98014,97490.0,,,,,
https://i0.hdslb.com/bfs/feed-admin/03ba411c9a31fec4f38ee6de579ba370028360a5.jpg@976w_550h_1c.webp,59730,59254.0,,,,,
https://i0.hdslb.com/bfs/feed-admin/35d96e356e5095e007317e25ef1dd31486a4640f.png@976w_550h_1c.webp,45018,44558.0,,,,,
https://i0.hdslb.com/bfs/feed-admin/5a8c255411a514264fa555cfe3916dcc5dcd39f8.jpg@976w_550h_1c.webp,63301,62446.0,60034.0,58624.0,54664.0,50002.0,45168
https://i0.hdslb.com/bfs/feed-admin/05d0a7d8dbf3ea4da83ee52a58391cc57283a8f2.jpg@976w_550h_1c.webp,52423,51954.0,49230.0,47450.0,43998.0,40080.0,35382
https://i2.hdslb.com/bfs/archive/407683d0cad210674011d85103a46a270d677465.jpg@672w_378h_1c.webp,40352,39894.0,38446.0,37668.0,35478.0,33052.0,30274
https://i1.hdslb.com/bfs/archive/3a296de4fa53c21c506655f0e82efd373b270742.jpg@672w_378h_1c.webp,27212,26772.0,25432.0,24884.0,23350.0,21474.0,19686
https://i2.hdslb.com/bfs/archive/44c6dd4808158eb9f2a7db4b6f633616af269327.jpg@672w_378h_1c.webp,27138,26722.0,26394.0,25926.0,24386.0,22772.0,20966
https://i1.hdslb.com/bfs/archive/48200f13bfafcc16acaaacf2009f778d9e18c463.jpg@672w_378h_1c.webp,38504,38056.0,36322.0,35660.0,33392.0,30580.0,27474
https://i1.hdslb.com/bfs/archive/ca7adb8c738b570a289a334cf40989f563a04926.jpg@672w_378h_1c.webp,33035,32140.0,30380.0,29556.0,27570.0,25218.0,22506
https://i1.hdslb.com/bfs/archive/2901ddc86bb26359293380fb7eba6a9054ca1d33.jpg@672w_378h_1c.webp,39369,38548.0,37768.0,37054.0,35300.0,32472.0,29974
https://i2.hdslb.com/bfs/archive/38fbe630ffbf40719fbac6749f110afbf1da36c3.jpg@672w_378h_1c.webp,40319,39416.0,38390.0,37822.0,35566.0,32834.0,29804
https://i0.hdslb.com/bfs/archive/da8b005d428e9a967d7dfb63b34db4727fc3bd69.jpg@672w_378h_1c.webp,14450,14026.0,13454.0,13082.0,12346.0,11282.0,10022
https://i0.hdslb.com/bfs/archive/1eec2f1aa6616f6c6d0a1debd9ba8109bac6983a.jpg@672w_378h_1c.webp,45281,44816.0,43408.0,42596.0,40374.0,37540.0,34482
https://i1.hdslb.com/bfs/archive/650cbc7f4d2c4f2295b469d639ddb2657498e0b3.jpg@672w_378h_1c.webp,32240,31790.0,30340.0,29682.0,27736.0,25618.0,23496
https://i0.hdslb.com/bfs/sycp/creative_img/202107/5ee142e9aef56937a2d73c7821b1f5af.jpg@672w_378h_1c.webp,30317,29872.0,28074.0,27312.0,25154.0,22678.0,20344
https://i0.hdslb.com/bfs/sycp/mng/202111/47b7b814a3dce30769bf0fba4252f281.png,1832,1401.0,566.0,564.0,538.0,530.0,520
https://i0.hdslb.com/bfs/archive/012ce0c758a30d762ebd2ed7715b1247538a87f1.jpg@672w_378h_1c.webp,33726,33268.0,,,,,
https://i0.hdslb.com/bfs/archive/699c5d572c5ff976666e3da181785b6f91968555.jpg@672w_378h_1c.webp,29566,28668.0,,,,,
https://i0.hdslb.com/bfs/archive/20a25d9805ea7b91d9f9063a4af3dbf2f54380f0.jpg@672w_378h_1c.webp,32378,31910.0,,,,,
https://i0.hdslb.com/bfs/archive/72060eb9b5ed9d65921e9338af53e830be9781a0.jpg@672w_378h_1c.webp,24766,24332.0,,,,,
https://i0.hdslb.com/bfs/archive/0b697d25fe8c9bff78801947fab8626e2bffb23c.jpg@672w_378h_1c.webp,33074,32268.0,,,,,
https://i0.hdslb.com/bfs/archive/2dae837ea90e66c5fb2f321476d4ed1fe6112416.jpg@672w_378h_1c.webp,21998,21212.0,,,,,
https://www.bilibili.com/favicon.ico?v=1,4580,4286.0,,,,,
https://s1.hdslb.com/bfs/static/jinkela/long/images/load.gif,32931,32146.0,,,,,
https://s1.hdslb.com/bfs/seed/jinkela/footer-v2/images/hz_icon.png,2359,1602.0,1018.0,982.0,942.0,886.0,840
https://i0.hdslb.com/bfs/sycp/creative_img/202203/9480c0cb75f2580defb0d0d71ae6432d.jpg@2900w_240h_100q.webp,52037,51526.0,,,,,
https://s1.hdslb.com/bfs/static/jinkela/long/images/eva.png,1468,689.0,824.0,814.0,788.0,762.0,744
https://s1.hdslb.com/bfs/static/jinkela/long/images/live.gif,15417,14582.0,,,,,
https://i0.hdslb.com/bfs/live/a725a9e61242ef44d764ac911691a7ce07f36c1d.png@48w,1314,545.0,472.0,472.0,462.0,460.0,470
https://i0.hdslb.com/bfs/live/976c3decbf9c5da1ce1f9113c803adbc04c21863.jpg@672w_378h_1c.webp,38032,37568.0,36632.0,35840.0,33686.0,31040.0,28254
https://i0.hdslb.com/bfs/archive/1163c5870f9ba880952547ed9fa4bca6c6df2879.jpg@672w_378h_1c.webp,24504,24040.0,22460.0,21930.0,20556.0,18696.0,17018
https://i0.hdslb.com/bfs/archive/2f39a3bdc1a1dae37837edec1bcff535ea1c1679.jpg@672w_378h_1c.webp,21047,20614.0,18938.0,18442.0,17182.0,15640.0,13696
https://i0.hdslb.com/bfs/archive/7def75673f65c09aa87773d28edaab7edce6ac82.jpg@672w_378h_1c.webp,28088,27648.0,25850.0,25278.0,23542.0,21410.0,19208
https://i0.hdslb.com/bfs/archive/43f737e0a256f00bc4e625854d038ef6a32591c3.jpg@672w_378h_1c.webp,20757,20326.0,18174.0,17574.0,15972.0,14498.0,12310
https://i0.hdslb.com/bfs/archive/6ce5e053ffc71c292250cec1e1d791b7d7a8d155.jpg@672w_378h_1c.webp,31119,30360.0,28990.0,28488.0,26916.0,24680.0,22674
pageTransferSize,2004341,,,,,,
totalByteWeight,3556573,,,,,,
